County,FIPS,VTD,cntyvtd,Office,Name,Party,Incumbent,Votes
Aransas,7,0001,70001,U.S. Rep 27,Farenthold,R,1,519
Aransas,7,0002,70002,U.S. Rep 27,Farenthold,R,1,648
Aransas,7,0003,70003,U.S. Rep 27,Farenthold,R,1,1389
Aransas,7,0004,70004,U.S. Rep 27,Farenthold,R,1,1161
Aransas,7,001A,7001A,U.S. Rep 27,Farenthold,R,1,283
Aransas,7,004A,7004A,U.S. Rep 27,Farenthold,R,1,376
Aransas,7,0001,70001,U.S. Rep 27,Reed,D,0,165
Aransas,7,0002,70002,U.S. Rep 27,Reed,D,0,353
Aransas,7,0003,70003,U.S. Rep 27,Reed,D,0,391
Aransas,7,0004,70004,U.S. Rep 27,Reed,D,0,321
Aransas,7,001A,7001A,U.S. Rep 27,Reed,D,0,92
Aransas,7,004A,7004A,U.S. Rep 27,Reed,D,0,83
Aransas,7,0001,70001,U.S. Rep 27,Simonson,L,0,14
Aransas,7,0002,70002,U.S. Rep 27,Simonson,L,0,35
Aransas,7,0003,70003,U.S. Rep 27,Simonson,L,0,47
Aransas,7,0004,70004,U.S. Rep 27,Simonson,L,0,43
Aransas,7,001A,7001A,U.S. Rep 27,Simonson,L,0,13
Aransas,7,004A,7004A,U.S. Rep 27,Simonson,L,0,15
Bastrop,21,1003,211003,U.S. Rep 27,Farenthold,R,1,1260
Bastrop,21,2007,212007,U.S. Rep 27,Farenthold,R,1,576
Bastrop,21,2008,212008,U.S. Rep 27,Farenthold,R,1,257
Bastrop,21,3012,213012,U.S. Rep 27,Farenthold,R,1,261
Bastrop,21,3013,213013,U.S. Rep 27,Farenthold,R,1,365
Bastrop,21,3014,213014,U.S. Rep 27,Farenthold,R,1,399
Bastrop,21,3015,213015,U.S. Rep 27,Farenthold,R,1,349
Bastrop,21,3016,213016,U.S. Rep 27,Farenthold,R,1,560
Bastrop,21,1003,211003,U.S. Rep 27,Reed,D,0,734
Bastrop,21,2007,212007,U.S. Rep 27,Reed,D,0,192
Bastrop,21,2008,212008,U.S. Rep 27,Reed,D,0,124
Bastrop,21,3012,213012,U.S. Rep 27,Reed,D,0,86
Bastrop,21,3013,213013,U.S. Rep 27,Reed,D,0,186
Bastrop,21,3014,213014,U.S. Rep 27,Reed,D,0,277
Bastrop,21,3015,213015,U.S. Rep 27,Reed,D,0,316
Bastrop,21,3016,213016,U.S. Rep 27,Reed,D,0,343
Bastrop,21,1003,211003,U.S. Rep 27,Simonson,L,0,97
Bastrop,21,2007,212007,U.S. Rep 27,Simonson,L,0,49
Bastrop,21,2008,212008,U.S. Rep 27,Simonson,L,0,17
Bastrop,21,3012,213012,U.S. Rep 27,Simonson,L,0,17
Bastrop,21,3013,213013,U.S. Rep 27,Simonson,L,0,32
Bastrop,21,3014,213014,U.S. Rep 27,Simonson,L,0,40
Bastrop,21,3015,213015,U.S. Rep 27,Simonson,L,0,39
Bastrop,21,3016,213016,U.S. Rep 27,Simonson,L,0,58
Caldwell,55,0102,550102,U.S. Rep 27,Farenthold,R,1,247
Caldwell,55,0104,550104,U.S. Rep 27,Farenthold,R,1,161
Caldwell,55,0110,550110,U.S. Rep 27,Farenthold,R,1,36
Caldwell,55,0111,550111,U.S. Rep 27,Farenthold,R,1,237
Caldwell,55,0112,550112,U.S. Rep 27,Farenthold,R,1,0
Caldwell,55,0113,550113,U.S. Rep 27,Farenthold,R,1,0
Caldwell,55,0117,550117,U.S. Rep 27,Farenthold,R,1,0
Caldwell,55,0201,550201,U.S. Rep 27,Farenthold,R,1,267
Caldwell,55,0202,550202,U.S. Rep 27,Farenthold,R,1,343
Caldwell,55,0203,550203,U.S. Rep 27,Farenthold,R,1,297
Caldwell,55,0204,550204,U.S. Rep 27,Farenthold,R,1,400
Caldwell,55,0205,550205,U.S. Rep 27,Farenthold,R,1,108
Caldwell,55,0206,550206,U.S. Rep 27,Farenthold,R,1,206
Caldwell,55,0305,550305,U.S. Rep 27,Farenthold,R,1,105
Caldwell,55,0306,550306,U.S. Rep 27,Farenthold,R,1,60
Caldwell,55,0307,550307,U.S. Rep 27,Farenthold,R,1,0
Caldwell,55,0404,550404,U.S. Rep 27,Farenthold,R,1,231
Caldwell,55,0405,550405,U.S. Rep 27,Farenthold,R,1,249
Caldwell,55,0410,550410,U.S. Rep 27,Farenthold,R,1,0
Caldwell,55,0102,550102,U.S. Rep 27,Reed,D,0,92
Caldwell,55,0104,550104,U.S. Rep 27,Reed,D,0,76
Caldwell,55,0110,550110,U.S. Rep 27,Reed,D,0,19
Caldwell,55,0111,550111,U.S. Rep 27,Reed,D,0,188
Caldwell,55,0112,550112,U.S. Rep 27,Reed,D,0,0
Caldwell,55,0113,550113,U.S. Rep 27,Reed,D,0,0
Caldwell,55,0117,550117,U.S. Rep 27,Reed,D,0,0
Caldwell,55,0201,550201,U.S. Rep 27,Reed,D,0,142
Caldwell,55,0202,550202,U.S. Rep 27,Reed,D,0,134
Caldwell,55,0203,550203,U.S. Rep 27,Reed,D,0,124
Caldwell,55,0204,550204,U.S. Rep 27,Reed,D,0,119
Caldwell,55,0205,550205,U.S. Rep 27,Reed,D,0,35
Caldwell,55,0206,550206,U.S. Rep 27,Reed,D,0,111
Caldwell,55,0305,550305,U.S. Rep 27,Reed,D,0,57
Caldwell,55,0306,550306,U.S. Rep 27,Reed,D,0,38
Caldwell,55,0307,550307,U.S. Rep 27,Reed,D,0,0
Caldwell,55,0404,550404,U.S. Rep 27,Reed,D,0,238
Caldwell,55,0405,550405,U.S. Rep 27,Reed,D,0,176
Caldwell,55,0410,550410,U.S. Rep 27,Reed,D,0,0
Caldwell,55,0102,550102,U.S. Rep 27,Simonson,L,0,16
Caldwell,55,0104,550104,U.S. Rep 27,Simonson,L,0,10
Caldwell,55,0110,550110,U.S. Rep 27,Simonson,L,0,3
Caldwell,55,0111,550111,U.S. Rep 27,Simonson,L,0,14
Caldwell,55,0112,550112,U.S. Rep 27,Simonson,L,0,0
Caldwell,55,0113,550113,U.S. Rep 27,Simonson,L,0,0
Caldwell,55,0117,550117,U.S. Rep 27,Simonson,L,0,0
Caldwell,55,0201,550201,U.S. Rep 27,Simonson,L,0,12
Caldwell,55,0202,550202,U.S. Rep 27,Simonson,L,0,12
Caldwell,55,0203,550203,U.S. Rep 27,Simonson,L,0,17
Caldwell,55,0204,550204,U.S. Rep 27,Simonson,L,0,36
Caldwell,55,0205,550205,U.S. Rep 27,Simonson,L,0,5
Caldwell,55,0206,550206,U.S. Rep 27,Simonson,L,0,10
Caldwell,55,0305,550305,U.S. Rep 27,Simonson,L,0,5
Caldwell,55,0306,550306,U.S. Rep 27,Simonson,L,0,2
Caldwell,55,0307,550307,U.S. Rep 27,Simonson,L,0,0
Caldwell,55,0404,550404,U.S. Rep 27,Simonson,L,0,27
Caldwell,55,0405,550405,U.S. Rep 27,Simonson,L,0,24
Caldwell,55,0410,550410,U.S. Rep 27,Simonson,L,0,0
Calhoun,57,0001,570001,U.S. Rep 27,Farenthold,R,1,19
Calhoun,57,0002,570002,U.S. Rep 27,Farenthold,R,1,89
Calhoun,57,0003,570003,U.S. Rep 27,Farenthold,R,1,3
Calhoun,57,0004,570004,U.S. Rep 27,Farenthold,R,1,77
Calhoun,57,0005,570005,U.S. Rep 27,Farenthold,R,1,63
Calhoun,57,0006,570006,U.S. Rep 27,Farenthold,R,1,109
Calhoun,57,0007,570007,U.S. Rep 27,Farenthold,R,1,76
Calhoun,57,0008,570008,U.S. Rep 27,Farenthold,R,1,44
Calhoun,57,0009,570009,U.S. Rep 27,Farenthold,R,1,5
Calhoun,57,0010,570010,U.S. Rep 27,Farenthold,R,1,34
Calhoun,57,0011,570011,U.S. Rep 27,Farenthold,R,1,86
Calhoun,57,0012,570012,U.S. Rep 27,Farenthold,R,1,354
Calhoun,57,0013,570013,U.S. Rep 27,Farenthold,R,1,6
Calhoun,57,0014,570014,U.S. Rep 27,Farenthold,R,1,35
Calhoun,57,0015,570015,U.S. Rep 27,Farenthold,R,1,32
Calhoun,57,0016,570016,U.S. Rep 27,Farenthold,R,1,241
Calhoun,57,0017,570017,U.S. Rep 27,Farenthold,R,1,200
Calhoun,57,0018,570018,U.S. Rep 27,Farenthold,R,1,83
Calhoun,57,0019,570019,U.S. Rep 27,Farenthold,R,1,177
Calhoun,57,0020,570020,U.S. Rep 27,Farenthold,R,1,10
Calhoun,57,0021,570021,U.S. Rep 27,Farenthold,R,1,39
Calhoun,57,0022,570022,U.S. Rep 27,Farenthold,R,1,109
Calhoun,57,0023,570023,U.S. Rep 27,Farenthold,R,1,71
Calhoun,57,0024,570024,U.S. Rep 27,Farenthold,R,1,367
Calhoun,57,0025,570025,U.S. Rep 27,Farenthold,R,1,388
Calhoun,57,0001,570001,U.S. Rep 27,Reed,D,0,44
Calhoun,57,0002,570002,U.S. Rep 27,Reed,D,0,107
Calhoun,57,0003,570003,U.S. Rep 27,Reed,D,0,10
Calhoun,57,0004,570004,U.S. Rep 27,Reed,D,0,64
Calhoun,57,0005,570005,U.S. Rep 27,Reed,D,0,19
Calhoun,57,0006,570006,U.S. Rep 27,Reed,D,0,38
Calhoun,57,0007,570007,U.S. Rep 27,Reed,D,0,88
Calhoun,57,0008,570008,U.S. Rep 27,Reed,D,0,50
Calhoun,57,0009,570009,U.S. Rep 27,Reed,D,0,10
Calhoun,57,0010,570010,U.S. Rep 27,Reed,D,0,21
Calhoun,57,0011,570011,U.S. Rep 27,Reed,D,0,36
Calhoun,57,0012,570012,U.S. Rep 27,Reed,D,0,148
Calhoun,57,0013,570013,U.S. Rep 27,Reed,D,0,0
Calhoun,57,0014,570014,U.S. Rep 27,Reed,D,0,31
Calhoun,57,0015,570015,U.S. Rep 27,Reed,D,0,25
Calhoun,57,0016,570016,U.S. Rep 27,Reed,D,0,95
Calhoun,57,0017,570017,U.S. Rep 27,Reed,D,0,102
Calhoun,57,0018,570018,U.S. Rep 27,Reed,D,0,43
Calhoun,57,0019,570019,U.S. Rep 27,Reed,D,0,37
Calhoun,57,0020,570020,U.S. Rep 27,Reed,D,0,11
Calhoun,57,0021,570021,U.S. Rep 27,Reed,D,0,8
Calhoun,57,0022,570022,U.S. Rep 27,Reed,D,0,32
Calhoun,57,0023,570023,U.S. Rep 27,Reed,D,0,16
Calhoun,57,0024,570024,U.S. Rep 27,Reed,D,0,129
Calhoun,57,0025,570025,U.S. Rep 27,Reed,D,0,53
Calhoun,57,0001,570001,U.S. Rep 27,Simonson,L,0,6
Calhoun,57,0002,570002,U.S. Rep 27,Simonson,L,0,9
Calhoun,57,0003,570003,U.S. Rep 27,Simonson,L,0,1
Calhoun,57,0004,570004,U.S. Rep 27,Simonson,L,0,5
Calhoun,57,0005,570005,U.S. Rep 27,Simonson,L,0,0
Calhoun,57,0006,570006,U.S. Rep 27,Simonson,L,0,10
Calhoun,57,0007,570007,U.S. Rep 27,Simonson,L,0,5
Calhoun,57,0008,570008,U.S. Rep 27,Simonson,L,0,6
Calhoun,57,0009,570009,U.S. Rep 27,Simonson,L,0,2
Calhoun,57,0010,570010,U.S. Rep 27,Simonson,L,0,1
Calhoun,57,0011,570011,U.S. Rep 27,Simonson,L,0,3
Calhoun,57,0012,570012,U.S. Rep 27,Simonson,L,0,13
Calhoun,57,0013,570013,U.S. Rep 27,Simonson,L,0,0
Calhoun,57,0014,570014,U.S. Rep 27,Simonson,L,0,1
Calhoun,57,0015,570015,U.S. Rep 27,Simonson,L,0,2
Calhoun,57,0016,570016,U.S. Rep 27,Simonson,L,0,12
Calhoun,57,0017,570017,U.S. Rep 27,Simonson,L,0,6
Calhoun,57,0018,570018,U.S. Rep 27,Simonson,L,0,6
Calhoun,57,0019,570019,U.S. Rep 27,Simonson,L,0,2
Calhoun,57,0020,570020,U.S. Rep 27,Simonson,L,0,0
Calhoun,57,0021,570021,U.S. Rep 27,Simonson,L,0,3
Calhoun,57,0022,570022,U.S. Rep 27,Simonson,L,0,0
Calhoun,57,0023,570023,U.S. Rep 27,Simonson,L,0,3
Calhoun,57,0024,570024,U.S. Rep 27,Simonson,L,0,22
Calhoun,57,0025,570025,U.S. Rep 27,Simonson,L,0,7
Gonzales,177,0001,1770001,U.S. Rep 27,Farenthold,R,1,703
Gonzales,177,0002,1770002,U.S. Rep 27,Farenthold,R,1,341
Gonzales,177,0003,1770003,U.S. Rep 27,Farenthold,R,1,339
Gonzales,177,0007,1770007,U.S. Rep 27,Farenthold,R,1,125
Gonzales,177,0008,1770008,U.S. Rep 27,Farenthold,R,1,107
Gonzales,177,0009,1770009,U.S. Rep 27,Farenthold,R,1,214
Gonzales,177,0011,1770011,U.S. Rep 27,Farenthold,R,1,80
Gonzales,177,0012,1770012,U.S. Rep 27,Farenthold,R,1,57
Gonzales,177,0001,1770001,U.S. Rep 27,Reed,D,0,184
Gonzales,177,0002,1770002,U.S. Rep 27,Reed,D,0,116
Gonzales,177,0003,1770003,U.S. Rep 27,Reed,D,0,123
Gonzales,177,0007,1770007,U.S. Rep 27,Reed,D,0,16
Gonzales,177,0008,1770008,U.S. Rep 27,Reed,D,0,20
Gonzales,177,0009,1770009,U.S. Rep 27,Reed,D,0,123
Gonzales,177,0011,1770011,U.S. Rep 27,Reed,D,0,13
Gonzales,177,0012,1770012,U.S. Rep 27,Reed,D,0,21
Gonzales,177,0001,1770001,U.S. Rep 27,Simonson,L,0,21
Gonzales,177,0002,1770002,U.S. Rep 27,Simonson,L,0,8
Gonzales,177,0003,1770003,U.S. Rep 27,Simonson,L,0,7
Gonzales,177,0007,1770007,U.S. Rep 27,Simonson,L,0,2
Gonzales,177,0008,1770008,U.S. Rep 27,Simonson,L,0,3
Gonzales,177,0009,1770009,U.S. Rep 27,Simonson,L,0,9
Gonzales,177,0011,1770011,U.S. Rep 27,Simonson,L,0,3
Gonzales,177,0012,1770012,U.S. Rep 27,Simonson,L,0,0
Jackson,239,0001,2390001,U.S. Rep 27,Farenthold,R,1,397
Jackson,239,0002,2390002,U.S. Rep 27,Farenthold,R,1,597
Jackson,239,0003,2390003,U.S. Rep 27,Farenthold,R,1,553
Jackson,239,0004,2390004,U.S. Rep 27,Farenthold,R,1,106
Jackson,239,0005,2390005,U.S. Rep 27,Farenthold,R,1,181
Jackson,239,0006,2390006,U.S. Rep 27,Farenthold,R,1,158
Jackson,239,0007,2390007,U.S. Rep 27,Farenthold,R,1,46
Jackson,239,0008,2390008,U.S. Rep 27,Farenthold,R,1,155
Jackson,239,0009,2390009,U.S. Rep 27,Farenthold,R,1,168
Jackson,239,0001,2390001,U.S. Rep 27,Reed,D,0,130
Jackson,239,0002,2390002,U.S. Rep 27,Reed,D,0,99
Jackson,239,0003,2390003,U.S. Rep 27,Reed,D,0,90
Jackson,239,0004,2390004,U.S. Rep 27,Reed,D,0,14
Jackson,239,0005,2390005,U.S. Rep 27,Reed,D,0,30
Jackson,239,0006,2390006,U.S. Rep 27,Reed,D,0,41
Jackson,239,0007,2390007,U.S. Rep 27,Reed,D,0,5
Jackson,239,0008,2390008,U.S. Rep 27,Reed,D,0,13
Jackson,239,0009,2390009,U.S. Rep 27,Reed,D,0,23
Jackson,239,0001,2390001,U.S. Rep 27,Simonson,L,0,7
Jackson,239,0002,2390002,U.S. Rep 27,Simonson,L,0,15
Jackson,239,0003,2390003,U.S. Rep 27,Simonson,L,0,10
Jackson,239,0004,2390004,U.S. Rep 27,Simonson,L,0,1
Jackson,239,0005,2390005,U.S. Rep 27,Simonson,L,0,3
Jackson,239,0006,2390006,U.S. Rep 27,Simonson,L,0,2
Jackson,239,0007,2390007,U.S. Rep 27,Simonson,L,0,0
Jackson,239,0008,2390008,U.S. Rep 27,Simonson,L,0,9
Jackson,239,0009,2390009,U.S. Rep 27,Simonson,L,0,4
Lavaca,285,0001,2850001,U.S. Rep 27,Farenthold,R,1,368
Lavaca,285,0002,2850002,U.S. Rep 27,Farenthold,R,1,426
Lavaca,285,0007,2850007,U.S. Rep 27,Farenthold,R,1,81
Lavaca,285,0008,2850008,U.S. Rep 27,Farenthold,R,1,268
Lavaca,285,0009,2850009,U.S. Rep 27,Farenthold,R,1,374
Lavaca,285,0011,2850011,U.S. Rep 27,Farenthold,R,1,92
Lavaca,285,0012,2850012,U.S. Rep 27,Farenthold,R,1,103
Lavaca,285,0015,2850015,U.S. Rep 27,Farenthold,R,1,56
Lavaca,285,0016,2850016,U.S. Rep 27,Farenthold,R,1,169
Lavaca,285,0017,2850017,U.S. Rep 27,Farenthold,R,1,133
Lavaca,285,0019,2850019,U.S. Rep 27,Farenthold,R,1,129
Lavaca,285,0020,2850020,U.S. Rep 27,Farenthold,R,1,40
Lavaca,285,0023,2850023,U.S. Rep 27,Farenthold,R,1,407
Lavaca,285,0026,2850026,U.S. Rep 27,Farenthold,R,1,44
Lavaca,285,0027,2850027,U.S. Rep 27,Farenthold,R,1,85
Lavaca,285,0029,2850029,U.S. Rep 27,Farenthold,R,1,359
Lavaca,285,0030,2850030,U.S. Rep 27,Farenthold,R,1,509
Lavaca,285,0031,2850031,U.S. Rep 27,Farenthold,R,1,416
Lavaca,285,0032,2850032,U.S. Rep 27,Farenthold,R,1,115
Lavaca,285,0001,2850001,U.S. Rep 27,Reed,D,0,45
Lavaca,285,0002,2850002,U.S. Rep 27,Reed,D,0,89
Lavaca,285,0007,2850007,U.S. Rep 27,Reed,D,0,17
Lavaca,285,0008,2850008,U.S. Rep 27,Reed,D,0,36
Lavaca,285,0009,2850009,U.S. Rep 27,Reed,D,0,69
Lavaca,285,0011,2850011,U.S. Rep 27,Reed,D,0,17
Lavaca,285,0012,2850012,U.S. Rep 27,Reed,D,0,21
Lavaca,285,0015,2850015,U.S. Rep 27,Reed,D,0,22
Lavaca,285,0016,2850016,U.S. Rep 27,Reed,D,0,19
Lavaca,285,0017,2850017,U.S. Rep 27,Reed,D,0,13
Lavaca,285,0019,2850019,U.S. Rep 27,Reed,D,0,11
Lavaca,285,0020,2850020,U.S. Rep 27,Reed,D,0,18
Lavaca,285,0023,2850023,U.S. Rep 27,Reed,D,0,78
Lavaca,285,0026,2850026,U.S. Rep 27,Reed,D,0,15
Lavaca,285,0027,2850027,U.S. Rep 27,Reed,D,0,8
Lavaca,285,0029,2850029,U.S. Rep 27,Reed,D,0,73
Lavaca,285,0030,2850030,U.S. Rep 27,Reed,D,0,83
Lavaca,285,0031,2850031,U.S. Rep 27,Reed,D,0,64
Lavaca,285,0032,2850032,U.S. Rep 27,Reed,D,0,8
Lavaca,285,0001,2850001,U.S. Rep 27,Simonson,L,0,4
Lavaca,285,0002,2850002,U.S. Rep 27,Simonson,L,0,7
Lavaca,285,0007,2850007,U.S. Rep 27,Simonson,L,0,1
Lavaca,285,0008,2850008,U.S. Rep 27,Simonson,L,0,5
Lavaca,285,0009,2850009,U.S. Rep 27,Simonson,L,0,4
Lavaca,285,0011,2850011,U.S. Rep 27,Simonson,L,0,1
Lavaca,285,0012,2850012,U.S. Rep 27,Simonson,L,0,5
Lavaca,285,0015,2850015,U.S. Rep 27,Simonson,L,0,3
Lavaca,285,0016,2850016,U.S. Rep 27,Simonson,L,0,3
Lavaca,285,0017,2850017,U.S. Rep 27,Simonson,L,0,1
Lavaca,285,0019,2850019,U.S. Rep 27,Simonson,L,0,3
Lavaca,285,0020,2850020,U.S. Rep 27,Simonson,L,0,1
Lavaca,285,0023,2850023,U.S. Rep 27,Simonson,L,0,8
Lavaca,285,0026,2850026,U.S. Rep 27,Simonson,L,0,1
Lavaca,285,0027,2850027,U.S. Rep 27,Simonson,L,0,0
Lavaca,285,0029,2850029,U.S. Rep 27,Simonson,L,0,7
Lavaca,285,0030,2850030,U.S. Rep 27,Simonson,L,0,7
Lavaca,285,0031,2850031,U.S. Rep 27,Simonson,L,0,6
Lavaca,285,0032,2850032,U.S. Rep 27,Simonson,L,0,1
Matagorda,321,0002,3210002,U.S. Rep 27,Farenthold,R,1,261
Matagorda,321,0004,3210004,U.S. Rep 27,Farenthold,R,1,329
Matagorda,321,0005,3210005,U.S. Rep 27,Farenthold,R,1,510
Matagorda,321,0006,3210006,U.S. Rep 27,Farenthold,R,1,368
Matagorda,321,0007,3210007,U.S. Rep 27,Farenthold,R,1,56
Matagorda,321,0008,3210008,U.S. Rep 27,Farenthold,R,1,207
Matagorda,321,0009,3210009,U.S. Rep 27,Farenthold,R,1,40
Matagorda,321,0010,3210010,U.S. Rep 27,Farenthold,R,1,112
Matagorda,321,0012,3210012,U.S. Rep 27,Farenthold,R,1,70
Matagorda,321,0013,3210013,U.S. Rep 27,Farenthold,R,1,102
Matagorda,321,001A,321001A,U.S. Rep 27,Farenthold,R,1,738
Matagorda,321,001B,321001B,U.S. Rep 27,Farenthold,R,1,765
Matagorda,321,001C,321001C,U.S. Rep 27,Farenthold,R,1,107
Matagorda,321,001D,321001D,U.S. Rep 27,Farenthold,R,1,173
Matagorda,321,001E,321001E,U.S. Rep 27,Farenthold,R,1,228
Matagorda,321,001F,321001F,U.S. Rep 27,Farenthold,R,1,144
Matagorda,321,003A,321003A,U.S. Rep 27,Farenthold,R,1,306
Matagorda,321,003B,321003B,U.S. Rep 27,Farenthold,R,1,206
Matagorda,321,0002,3210002,U.S. Rep 27,Reed,D,0,87
Matagorda,321,0004,3210004,U.S. Rep 27,Reed,D,0,76
Matagorda,321,0005,3210005,U.S. Rep 27,Reed,D,0,240
Matagorda,321,0006,3210006,U.S. Rep 27,Reed,D,0,135
Matagorda,321,0007,3210007,U.S. Rep 27,Reed,D,0,11
Matagorda,321,0008,3210008,U.S. Rep 27,Reed,D,0,56
Matagorda,321,0009,3210009,U.S. Rep 27,Reed,D,0,23
Matagorda,321,0010,3210010,U.S. Rep 27,Reed,D,0,20
Matagorda,321,0012,3210012,U.S. Rep 27,Reed,D,0,16
Matagorda,321,0013,3210013,U.S. Rep 27,Reed,D,0,89
Matagorda,321,001A,321001A,U.S. Rep 27,Reed,D,0,151
Matagorda,321,001B,321001B,U.S. Rep 27,Reed,D,0,273
Matagorda,321,001C,321001C,U.S. Rep 27,Reed,D,0,210
Matagorda,321,001D,321001D,U.S. Rep 27,Reed,D,0,136
Matagorda,321,001E,321001E,U.S. Rep 27,Reed,D,0,166
Matagorda,321,001F,321001F,U.S. Rep 27,Reed,D,0,72
Matagorda,321,003A,321003A,U.S. Rep 27,Reed,D,0,179
Matagorda,321,003B,321003B,U.S. Rep 27,Reed,D,0,47
Matagorda,321,0002,3210002,U.S. Rep 27,Simonson,L,0,6
Matagorda,321,0004,3210004,U.S. Rep 27,Simonson,L,0,12
Matagorda,321,0005,3210005,U.S. Rep 27,Simonson,L,0,19
Matagorda,321,0006,3210006,U.S. Rep 27,Simonson,L,0,15
Matagorda,321,0007,3210007,U.S. Rep 27,Simonson,L,0,3
Matagorda,321,0008,3210008,U.S. Rep 27,Simonson,L,0,4
Matagorda,321,0009,3210009,U.S. Rep 27,Simonson,L,0,1
Matagorda,321,0010,3210010,U.S. Rep 27,Simonson,L,0,4
Matagorda,321,0012,3210012,U.S. Rep 27,Simonson,L,0,5
Matagorda,321,0013,3210013,U.S. Rep 27,Simonson,L,0,2
Matagorda,321,001A,321001A,U.S. Rep 27,Simonson,L,0,28
Matagorda,321,001B,321001B,U.S. Rep 27,Simonson,L,0,22
Matagorda,321,001C,321001C,U.S. Rep 27,Simonson,L,0,1
Matagorda,321,001D,321001D,U.S. Rep 27,Simonson,L,0,9
Matagorda,321,001E,321001E,U.S. Rep 27,Simonson,L,0,6
Matagorda,321,001F,321001F,U.S. Rep 27,Simonson,L,0,2
Matagorda,321,003A,321003A,U.S. Rep 27,Simonson,L,0,13
Matagorda,321,003B,321003B,U.S. Rep 27,Simonson,L,0,4
Nueces,355,0001,3550001,U.S. Rep 27,Farenthold,R,1,181
Nueces,355,0002,3550002,U.S. Rep 27,Farenthold,R,1,405
Nueces,355,0003,3550003,U.S. Rep 27,Farenthold,R,1,768
Nueces,355,0004,3550004,U.S. Rep 27,Farenthold,R,1,269
Nueces,355,0005,3550005,U.S. Rep 27,Farenthold,R,1,397
Nueces,355,0006,3550006,U.S. Rep 27,Farenthold,R,1,645
Nueces,355,0007,3550007,U.S. Rep 27,Farenthold,R,1,28
Nueces,355,0008,3550008,U.S. Rep 27,Farenthold,R,1,541
Nueces,355,0009,3550009,U.S. Rep 27,Farenthold,R,1,395
Nueces,355,0010,3550010,U.S. Rep 27,Farenthold,R,1,283
Nueces,355,0011,3550011,U.S. Rep 27,Farenthold,R,1,82
Nueces,355,0012,3550012,U.S. Rep 27,Farenthold,R,1,111
Nueces,355,0013,3550013,U.S. Rep 27,Farenthold,R,1,40
Nueces,355,0014,3550014,U.S. Rep 27,Farenthold,R,1,107
Nueces,355,0015,3550015,U.S. Rep 27,Farenthold,R,1,113
Nueces,355,0016,3550016,U.S. Rep 27,Farenthold,R,1,68
Nueces,355,0017,3550017,U.S. Rep 27,Farenthold,R,1,375
Nueces,355,0018,3550018,U.S. Rep 27,Farenthold,R,1,398
Nueces,355,0019,3550019,U.S. Rep 27,Farenthold,R,1,871
Nueces,355,0020,3550020,U.S. Rep 27,Farenthold,R,1,214
Nueces,355,0021,3550021,U.S. Rep 27,Farenthold,R,1,94
Nueces,355,0022,3550022,U.S. Rep 27,Farenthold,R,1,72
Nueces,355,0023,3550023,U.S. Rep 27,Farenthold,R,1,599
Nueces,355,0024,3550024,U.S. Rep 27,Farenthold,R,1,43
Nueces,355,0025,3550025,U.S. Rep 27,Farenthold,R,1,77
Nueces,355,0026,3550026,U.S. Rep 27,Farenthold,R,1,972
Nueces,355,0027,3550027,U.S. Rep 27,Farenthold,R,1,61
Nueces,355,0028,3550028,U.S. Rep 27,Farenthold,R,1,76
Nueces,355,0029,3550029,U.S. Rep 27,Farenthold,R,1,679
Nueces,355,0030,3550030,U.S. Rep 27,Farenthold,R,1,8
Nueces,355,0031,3550031,U.S. Rep 27,Farenthold,R,1,21
Nueces,355,0032,3550032,U.S. Rep 27,Farenthold,R,1,303
Nueces,355,0033,3550033,U.S. Rep 27,Farenthold,R,1,33
Nueces,355,0034,3550034,U.S. Rep 27,Farenthold,R,1,31
Nueces,355,0035,3550035,U.S. Rep 27,Farenthold,R,1,23
Nueces,355,0036,3550036,U.S. Rep 27,Farenthold,R,1,134
Nueces,355,0037,3550037,U.S. Rep 27,Farenthold,R,1,79
Nueces,355,0038,3550038,U.S. Rep 27,Farenthold,R,1,12
Nueces,355,0039,3550039,U.S. Rep 27,Farenthold,R,1,73
Nueces,355,0040,3550040,U.S. Rep 27,Farenthold,R,1,1118
Nueces,355,0041,3550041,U.S. Rep 27,Farenthold,R,1,21
Nueces,355,0042,3550042,U.S. Rep 27,Farenthold,R,1,130
Nueces,355,0043,3550043,U.S. Rep 27,Farenthold,R,1,18
Nueces,355,0044,3550044,U.S. Rep 27,Farenthold,R,1,28
Nueces,355,0045,3550045,U.S. Rep 27,Farenthold,R,1,11
Nueces,355,0046,3550046,U.S. Rep 27,Farenthold,R,1,9
Nueces,355,0047,3550047,U.S. Rep 27,Farenthold,R,1,14
Nueces,355,0048,3550048,U.S. Rep 27,Farenthold,R,1,182
Nueces,355,0049,3550049,U.S. Rep 27,Farenthold,R,1,248
Nueces,355,0050,3550050,U.S. Rep 27,Farenthold,R,1,64
Nueces,355,0051,3550051,U.S. Rep 27,Farenthold,R,1,155
Nueces,355,0052,3550052,U.S. Rep 27,Farenthold,R,1,35
Nueces,355,0053,3550053,U.S. Rep 27,Farenthold,R,1,42
Nueces,355,0054,3550054,U.S. Rep 27,Farenthold,R,1,75
Nueces,355,0055,3550055,U.S. Rep 27,Farenthold,R,1,58
Nueces,355,0056,3550056,U.S. Rep 27,Farenthold,R,1,54
Nueces,355,0057,3550057,U.S. Rep 27,Farenthold,R,1,57
Nueces,355,0058,3550058,U.S. Rep 27,Farenthold,R,1,281
Nueces,355,0059,3550059,U.S. Rep 27,Farenthold,R,1,267
Nueces,355,0060,3550060,U.S. Rep 27,Farenthold,R,1,16
Nueces,355,0061,3550061,U.S. Rep 27,Farenthold,R,1,7
Nueces,355,0062,3550062,U.S. Rep 27,Farenthold,R,1,34
Nueces,355,0063,3550063,U.S. Rep 27,Farenthold,R,1,656
Nueces,355,0064,3550064,U.S. Rep 27,Farenthold,R,1,339
Nueces,355,0065,3550065,U.S. Rep 27,Farenthold,R,1,851
Nueces,355,0066,3550066,U.S. Rep 27,Farenthold,R,1,176
Nueces,355,0067,3550067,U.S. Rep 27,Farenthold,R,1,618
Nueces,355,0068,3550068,U.S. Rep 27,Farenthold,R,1,76
Nueces,355,0069,3550069,U.S. Rep 27,Farenthold,R,1,208
Nueces,355,0070,3550070,U.S. Rep 27,Farenthold,R,1,219
Nueces,355,0071,3550071,U.S. Rep 27,Farenthold,R,1,69
Nueces,355,0072,3550072,U.S. Rep 27,Farenthold,R,1,140
Nueces,355,0073,3550073,U.S. Rep 27,Farenthold,R,1,54
Nueces,355,0074,3550074,U.S. Rep 27,Farenthold,R,1,47
Nueces,355,0075,3550075,U.S. Rep 27,Farenthold,R,1,75
Nueces,355,0076,3550076,U.S. Rep 27,Farenthold,R,1,22
Nueces,355,0077,3550077,U.S. Rep 27,Farenthold,R,1,4
Nueces,355,0078,3550078,U.S. Rep 27,Farenthold,R,1,55
Nueces,355,0079,3550079,U.S. Rep 27,Farenthold,R,1,53
Nueces,355,0080,3550080,U.S. Rep 27,Farenthold,R,1,43
Nueces,355,0081,3550081,U.S. Rep 27,Farenthold,R,1,1035
Nueces,355,0082,3550082,U.S. Rep 27,Farenthold,R,1,32
Nueces,355,0083,3550083,U.S. Rep 27,Farenthold,R,1,43
Nueces,355,0084,3550084,U.S. Rep 27,Farenthold,R,1,107
Nueces,355,0085,3550085,U.S. Rep 27,Farenthold,R,1,16
Nueces,355,0086,3550086,U.S. Rep 27,Farenthold,R,1,131
Nueces,355,0087,3550087,U.S. Rep 27,Farenthold,R,1,144
Nueces,355,0088,3550088,U.S. Rep 27,Farenthold,R,1,403
Nueces,355,0089,3550089,U.S. Rep 27,Farenthold,R,1,76
Nueces,355,0090,3550090,U.S. Rep 27,Farenthold,R,1,103
Nueces,355,0091,3550091,U.S. Rep 27,Farenthold,R,1,485
Nueces,355,0093,3550093,U.S. Rep 27,Farenthold,R,1,126
Nueces,355,0094,3550094,U.S. Rep 27,Farenthold,R,1,313
Nueces,355,0095,3550095,U.S. Rep 27,Farenthold,R,1,46
Nueces,355,0096,3550096,U.S. Rep 27,Farenthold,R,1,61
Nueces,355,0097,3550097,U.S. Rep 27,Farenthold,R,1,42
Nueces,355,0098,3550098,U.S. Rep 27,Farenthold,R,1,61
Nueces,355,0099,3550099,U.S. Rep 27,Farenthold,R,1,25
Nueces,355,0100,3550100,U.S. Rep 27,Farenthold,R,1,147
Nueces,355,0101,3550101,U.S. Rep 27,Farenthold,R,1,490
Nueces,355,0102,3550102,U.S. Rep 27,Farenthold,R,1,389
Nueces,355,0103,3550103,U.S. Rep 27,Farenthold,R,1,375
Nueces,355,0104,3550104,U.S. Rep 27,Farenthold,R,1,20
Nueces,355,0105,3550105,U.S. Rep 27,Farenthold,R,1,35
Nueces,355,0106,3550106,U.S. Rep 27,Farenthold,R,1,399
Nueces,355,0107,3550107,U.S. Rep 27,Farenthold,R,1,1120
Nueces,355,0108,3550108,U.S. Rep 27,Farenthold,R,1,33
Nueces,355,0109,3550109,U.S. Rep 27,Farenthold,R,1,81
Nueces,355,0110,3550110,U.S. Rep 27,Farenthold,R,1,226
Nueces,355,0111,3550111,U.S. Rep 27,Farenthold,R,1,169
Nueces,355,0112,3550112,U.S. Rep 27,Farenthold,R,1,470
Nueces,355,0113,3550113,U.S. Rep 27,Farenthold,R,1,14
Nueces,355,0114,3550114,U.S. Rep 27,Farenthold,R,1,27
Nueces,355,0115,3550115,U.S. Rep 27,Farenthold,R,1,348
Nueces,355,0116,3550116,U.S. Rep 27,Farenthold,R,1,593
Nueces,355,0117,3550117,U.S. Rep 27,Farenthold,R,1,751
Nueces,355,0118,3550118,U.S. Rep 27,Farenthold,R,1,307
Nueces,355,0119,3550119,U.S. Rep 27,Farenthold,R,1,775
Nueces,355,0120,3550120,U.S. Rep 27,Farenthold,R,1,358
Nueces,355,0121,3550121,U.S. Rep 27,Farenthold,R,1,251
Nueces,355,0122,3550122,U.S. Rep 27,Farenthold,R,1,672
Nueces,355,0123,3550123,U.S. Rep 27,Farenthold,R,1,440
Nueces,355,0124,3550124,U.S. Rep 27,Farenthold,R,1,476
Nueces,355,0125,3550125,U.S. Rep 27,Farenthold,R,1,744
Nueces,355,0126,3550126,U.S. Rep 27,Farenthold,R,1,308
Nueces,355,0127,3550127,U.S. Rep 27,Farenthold,R,1,391
Nueces,355,0092A,3550092A,U.S. Rep 27,Farenthold,R,1,404
Nueces,355,0092B,3550092B,U.S. Rep 27,Farenthold,R,1,18
Nueces,355,0001,3550001,U.S. Rep 27,Reed,D,0,137
Nueces,355,0002,3550002,U.S. Rep 27,Reed,D,0,348
Nueces,355,0003,3550003,U.S. Rep 27,Reed,D,0,525
Nueces,355,0004,3550004,U.S. Rep 27,Reed,D,0,420
Nueces,355,0005,3550005,U.S. Rep 27,Reed,D,0,280
Nueces,355,0006,3550006,U.S. Rep 27,Reed,D,0,298
Nueces,355,0007,3550007,U.S. Rep 27,Reed,D,0,99
Nueces,355,0008,3550008,U.S. Rep 27,Reed,D,0,394
Nueces,355,0009,3550009,U.S. Rep 27,Reed,D,0,213
Nueces,355,0010,3550010,U.S. Rep 27,Reed,D,0,88
Nueces,355,0011,3550011,U.S. Rep 27,Reed,D,0,55
Nueces,355,0012,3550012,U.S. Rep 27,Reed,D,0,179
Nueces,355,0013,3550013,U.S. Rep 27,Reed,D,0,190
Nueces,355,0014,3550014,U.S. Rep 27,Reed,D,0,43
Nueces,355,0015,3550015,U.S. Rep 27,Reed,D,0,58
Nueces,355,0016,3550016,U.S. Rep 27,Reed,D,0,36
Nueces,355,0017,3550017,U.S. Rep 27,Reed,D,0,383
Nueces,355,0018,3550018,U.S. Rep 27,Reed,D,0,232
Nueces,355,0019,3550019,U.S. Rep 27,Reed,D,0,387
Nueces,355,0020,3550020,U.S. Rep 27,Reed,D,0,381
Nueces,355,0021,3550021,U.S. Rep 27,Reed,D,0,48
Nueces,355,0022,3550022,U.S. Rep 27,Reed,D,0,51
Nueces,355,0023,3550023,U.S. Rep 27,Reed,D,0,145
Nueces,355,0024,3550024,U.S. Rep 27,Reed,D,0,72
Nueces,355,0025,3550025,U.S. Rep 27,Reed,D,0,18
Nueces,355,0026,3550026,U.S. Rep 27,Reed,D,0,473
Nueces,355,0027,3550027,U.S. Rep 27,Reed,D,0,139
Nueces,355,0028,3550028,U.S. Rep 27,Reed,D,0,12
Nueces,355,0029,3550029,U.S. Rep 27,Reed,D,0,414
Nueces,355,0030,3550030,U.S. Rep 27,Reed,D,0,25
Nueces,355,0031,3550031,U.S. Rep 27,Reed,D,0,60
Nueces,355,0032,3550032,U.S. Rep 27,Reed,D,0,218
Nueces,355,0033,3550033,U.S. Rep 27,Reed,D,0,66
Nueces,355,0034,3550034,U.S. Rep 27,Reed,D,0,47
Nueces,355,0035,3550035,U.S. Rep 27,Reed,D,0,137
Nueces,355,0036,3550036,U.S. Rep 27,Reed,D,0,290
Nueces,355,0037,3550037,U.S. Rep 27,Reed,D,0,207
Nueces,355,0038,3550038,U.S. Rep 27,Reed,D,0,79
Nueces,355,0039,3550039,U.S. Rep 27,Reed,D,0,81
Nueces,355,0040,3550040,U.S. Rep 27,Reed,D,0,327
Nueces,355,0041,3550041,U.S. Rep 27,Reed,D,0,44
Nueces,355,0042,3550042,U.S. Rep 27,Reed,D,0,76
Nueces,355,0043,3550043,U.S. Rep 27,Reed,D,0,90
Nueces,355,0044,3550044,U.S. Rep 27,Reed,D,0,114
Nueces,355,0045,3550045,U.S. Rep 27,Reed,D,0,59
Nueces,355,0046,3550046,U.S. Rep 27,Reed,D,0,27
Nueces,355,0047,3550047,U.S. Rep 27,Reed,D,0,31
Nueces,355,0048,3550048,U.S. Rep 27,Reed,D,0,217
Nueces,355,0049,3550049,U.S. Rep 27,Reed,D,0,86
Nueces,355,0050,3550050,U.S. Rep 27,Reed,D,0,88
Nueces,355,0051,3550051,U.S. Rep 27,Reed,D,0,209
Nueces,355,0052,3550052,U.S. Rep 27,Reed,D,0,148
Nueces,355,0053,3550053,U.S. Rep 27,Reed,D,0,111
Nueces,355,0054,3550054,U.S. Rep 27,Reed,D,0,266
Nueces,355,0055,3550055,U.S. Rep 27,Reed,D,0,230
Nueces,355,0056,3550056,U.S. Rep 27,Reed,D,0,103
Nueces,355,0057,3550057,U.S. Rep 27,Reed,D,0,108
Nueces,355,0058,3550058,U.S. Rep 27,Reed,D,0,247
Nueces,355,0059,3550059,U.S. Rep 27,Reed,D,0,265
Nueces,355,0060,3550060,U.S. Rep 27,Reed,D,0,138
Nueces,355,0061,3550061,U.S. Rep 27,Reed,D,0,103
Nueces,355,0062,3550062,U.S. Rep 27,Reed,D,0,114
Nueces,355,0063,3550063,U.S. Rep 27,Reed,D,0,427
Nueces,355,0064,3550064,U.S. Rep 27,Reed,D,0,158
Nueces,355,0065,3550065,U.S. Rep 27,Reed,D,0,438
Nueces,355,0066,3550066,U.S. Rep 27,Reed,D,0,203
Nueces,355,0067,3550067,U.S. Rep 27,Reed,D,0,378
Nueces,355,0068,3550068,U.S. Rep 27,Reed,D,0,135
Nueces,355,0069,3550069,U.S. Rep 27,Reed,D,0,288
Nueces,355,0070,3550070,U.S. Rep 27,Reed,D,0,331
Nueces,355,0071,3550071,U.S. Rep 27,Reed,D,0,217
Nueces,355,0072,3550072,U.S. Rep 27,Reed,D,0,181
Nueces,355,0073,3550073,U.S. Rep 27,Reed,D,0,239
Nueces,355,0074,3550074,U.S. Rep 27,Reed,D,0,232
Nueces,355,0075,3550075,U.S. Rep 27,Reed,D,0,268
Nueces,355,0076,3550076,U.S. Rep 27,Reed,D,0,102
Nueces,355,0077,3550077,U.S. Rep 27,Reed,D,0,31
Nueces,355,0078,3550078,U.S. Rep 27,Reed,D,0,247
Nueces,355,0079,3550079,U.S. Rep 27,Reed,D,0,137
Nueces,355,0080,3550080,U.S. Rep 27,Reed,D,0,232
Nueces,355,0081,3550081,U.S. Rep 27,Reed,D,0,328
Nueces,355,0082,3550082,U.S. Rep 27,Reed,D,0,51
Nueces,355,0083,3550083,U.S. Rep 27,Reed,D,0,148
Nueces,355,0084,3550084,U.S. Rep 27,Reed,D,0,87
Nueces,355,0085,3550085,U.S. Rep 27,Reed,D,0,65
Nueces,355,0086,3550086,U.S. Rep 27,Reed,D,0,123
Nueces,355,0087,3550087,U.S. Rep 27,Reed,D,0,187
Nueces,355,0088,3550088,U.S. Rep 27,Reed,D,0,310
Nueces,355,0089,3550089,U.S. Rep 27,Reed,D,0,79
Nueces,355,0090,3550090,U.S. Rep 27,Reed,D,0,112
Nueces,355,0091,3550091,U.S. Rep 27,Reed,D,0,329
Nueces,355,0093,3550093,U.S. Rep 27,Reed,D,0,306
Nueces,355,0094,3550094,U.S. Rep 27,Reed,D,0,234
Nueces,355,0095,3550095,U.S. Rep 27,Reed,D,0,101
Nueces,355,0096,3550096,U.S. Rep 27,Reed,D,0,118
Nueces,355,0097,3550097,U.S. Rep 27,Reed,D,0,167
Nueces,355,0098,3550098,U.S. Rep 27,Reed,D,0,348
Nueces,355,0099,3550099,U.S. Rep 27,Reed,D,0,79
Nueces,355,0100,3550100,U.S. Rep 27,Reed,D,0,111
Nueces,355,0101,3550101,U.S. Rep 27,Reed,D,0,269
Nueces,355,0102,3550102,U.S. Rep 27,Reed,D,0,321
Nueces,355,0103,3550103,U.S. Rep 27,Reed,D,0,150
Nueces,355,0104,3550104,U.S. Rep 27,Reed,D,0,125
Nueces,355,0105,3550105,U.S. Rep 27,Reed,D,0,168
Nueces,355,0106,3550106,U.S. Rep 27,Reed,D,0,355
Nueces,355,0107,3550107,U.S. Rep 27,Reed,D,0,311
Nueces,355,0108,3550108,U.S. Rep 27,Reed,D,0,76
Nueces,355,0109,3550109,U.S. Rep 27,Reed,D,0,87
Nueces,355,0110,3550110,U.S. Rep 27,Reed,D,0,114
Nueces,355,0111,3550111,U.S. Rep 27,Reed,D,0,96
Nueces,355,0112,3550112,U.S. Rep 27,Reed,D,0,377
Nueces,355,0113,3550113,U.S. Rep 27,Reed,D,0,65
Nueces,355,0114,3550114,U.S. Rep 27,Reed,D,0,65
Nueces,355,0115,3550115,U.S. Rep 27,Reed,D,0,240
Nueces,355,0116,3550116,U.S. Rep 27,Reed,D,0,530
Nueces,355,0117,3550117,U.S. Rep 27,Reed,D,0,253
Nueces,355,0118,3550118,U.S. Rep 27,Reed,D,0,405
Nueces,355,0119,3550119,U.S. Rep 27,Reed,D,0,373
Nueces,355,0120,3550120,U.S. Rep 27,Reed,D,0,235
Nueces,355,0121,3550121,U.S. Rep 27,Reed,D,0,205
Nueces,355,0122,3550122,U.S. Rep 27,Reed,D,0,293
Nueces,355,0123,3550123,U.S. Rep 27,Reed,D,0,180
Nueces,355,0124,3550124,U.S. Rep 27,Reed,D,0,406
Nueces,355,0125,3550125,U.S. Rep 27,Reed,D,0,452
Nueces,355,0126,3550126,U.S. Rep 27,Reed,D,0,189
Nueces,355,0127,3550127,U.S. Rep 27,Reed,D,0,107
Nueces,355,0092A,3550092A,U.S. Rep 27,Reed,D,0,293
Nueces,355,0092B,3550092B,U.S. Rep 27,Reed,D,0,14
Nueces,355,0001,3550001,U.S. Rep 27,Simonson,L,0,7
Nueces,355,0002,3550002,U.S. Rep 27,Simonson,L,0,19
Nueces,355,0003,3550003,U.S. Rep 27,Simonson,L,0,26
Nueces,355,0004,3550004,U.S. Rep 27,Simonson,L,0,22
Nueces,355,0005,3550005,U.S. Rep 27,Simonson,L,0,15
Nueces,355,0006,3550006,U.S. Rep 27,Simonson,L,0,31
Nueces,355,0007,3550007,U.S. Rep 27,Simonson,L,0,2
Nueces,355,0008,3550008,U.S. Rep 27,Simonson,L,0,29
Nueces,355,0009,3550009,U.S. Rep 27,Simonson,L,0,16
Nueces,355,0010,3550010,U.S. Rep 27,Simonson,L,0,7
Nueces,355,0011,3550011,U.S. Rep 27,Simonson,L,0,0
Nueces,355,0012,3550012,U.S. Rep 27,Simonson,L,0,6
Nueces,355,0013,3550013,U.S. Rep 27,Simonson,L,0,2
Nueces,355,0014,3550014,U.S. Rep 27,Simonson,L,0,3
Nueces,355,0015,3550015,U.S. Rep 27,Simonson,L,0,4
Nueces,355,0016,3550016,U.S. Rep 27,Simonson,L,0,2
Nueces,355,0017,3550017,U.S. Rep 27,Simonson,L,0,19
Nueces,355,0018,3550018,U.S. Rep 27,Simonson,L,0,32
Nueces,355,0019,3550019,U.S. Rep 27,Simonson,L,0,44
Nueces,355,0020,3550020,U.S. Rep 27,Simonson,L,0,21
Nueces,355,0021,3550021,U.S. Rep 27,Simonson,L,0,5
Nueces,355,0022,3550022,U.S. Rep 27,Simonson,L,0,1
Nueces,355,0023,3550023,U.S. Rep 27,Simonson,L,0,11
Nueces,355,0024,3550024,U.S. Rep 27,Simonson,L,0,2
Nueces,355,0025,3550025,U.S. Rep 27,Simonson,L,0,6
Nueces,355,0026,3550026,U.S. Rep 27,Simonson,L,0,37
Nueces,355,0027,3550027,U.S. Rep 27,Simonson,L,0,7
Nueces,355,0028,3550028,U.S. Rep 27,Simonson,L,0,1
Nueces,355,0029,3550029,U.S. Rep 27,Simonson,L,0,40
Nueces,355,0030,3550030,U.S. Rep 27,Simonson,L,0,0
Nueces,355,0031,3550031,U.S. Rep 27,Simonson,L,0,3
Nueces,355,0032,3550032,U.S. Rep 27,Simonson,L,0,19
Nueces,355,0033,3550033,U.S. Rep 27,Simonson,L,0,6
Nueces,355,0034,3550034,U.S. Rep 27,Simonson,L,0,2
Nueces,355,0035,3550035,U.S. Rep 27,Simonson,L,0,7
Nueces,355,0036,3550036,U.S. Rep 27,Simonson,L,0,3
Nueces,355,0037,3550037,U.S. Rep 27,Simonson,L,0,5
Nueces,355,0038,3550038,U.S. Rep 27,Simonson,L,0,2
Nueces,355,0039,3550039,U.S. Rep 27,Simonson,L,0,3
Nueces,355,0040,3550040,U.S. Rep 27,Simonson,L,0,47
Nueces,355,0041,3550041,U.S. Rep 27,Simonson,L,0,1
Nueces,355,0042,3550042,U.S. Rep 27,Simonson,L,0,5
Nueces,355,0043,3550043,U.S. Rep 27,Simonson,L,0,3
Nueces,355,0044,3550044,U.S. Rep 27,Simonson,L,0,4
Nueces,355,0045,3550045,U.S. Rep 27,Simonson,L,0,2
Nueces,355,0046,3550046,U.S. Rep 27,Simonson,L,0,1
Nueces,355,0047,3550047,U.S. Rep 27,Simonson,L,0,0
Nueces,355,0048,3550048,U.S. Rep 27,Simonson,L,0,18
Nueces,355,0049,3550049,U.S. Rep 27,Simonson,L,0,12
Nueces,355,0050,3550050,U.S. Rep 27,Simonson,L,0,2
Nueces,355,0051,3550051,U.S. Rep 27,Simonson,L,0,22
Nueces,355,0052,3550052,U.S. Rep 27,Simonson,L,0,7
Nueces,355,0053,3550053,U.S. Rep 27,Simonson,L,0,6
Nueces,355,0054,3550054,U.S. Rep 27,Simonson,L,0,9
Nueces,355,0055,3550055,U.S. Rep 27,Simonson,L,0,1
Nueces,355,0056,3550056,U.S. Rep 27,Simonson,L,0,4
Nueces,355,0057,3550057,U.S. Rep 27,Simonson,L,0,8
Nueces,355,0058,3550058,U.S. Rep 27,Simonson,L,0,20
Nueces,355,0059,3550059,U.S. Rep 27,Simonson,L,0,19
Nueces,355,0060,3550060,U.S. Rep 27,Simonson,L,0,2
Nueces,355,0061,3550061,U.S. Rep 27,Simonson,L,0,1
Nueces,355,0062,3550062,U.S. Rep 27,Simonson,L,0,3
Nueces,355,0063,3550063,U.S. Rep 27,Simonson,L,0,28
Nueces,355,0064,3550064,U.S. Rep 27,Simonson,L,0,10
Nueces,355,0065,3550065,U.S. Rep 27,Simonson,L,0,46
Nueces,355,0066,3550066,U.S. Rep 27,Simonson,L,0,14
Nueces,355,0067,3550067,U.S. Rep 27,Simonson,L,0,26
Nueces,355,0068,3550068,U.S. Rep 27,Simonson,L,0,8
Nueces,355,0069,3550069,U.S. Rep 27,Simonson,L,0,12
Nueces,355,0070,3550070,U.S. Rep 27,Simonson,L,0,17
Nueces,355,0071,3550071,U.S. Rep 27,Simonson,L,0,6
Nueces,355,0072,3550072,U.S. Rep 27,Simonson,L,0,11
Nueces,355,0073,3550073,U.S. Rep 27,Simonson,L,0,6
Nueces,355,0074,3550074,U.S. Rep 27,Simonson,L,0,11
Nueces,355,0075,3550075,U.S. Rep 27,Simonson,L,0,4
Nueces,355,0076,3550076,U.S. Rep 27,Simonson,L,0,1
Nueces,355,0077,3550077,U.S. Rep 27,Simonson,L,0,2
Nueces,355,0078,3550078,U.S. Rep 27,Simonson,L,0,8
Nueces,355,0079,3550079,U.S. Rep 27,Simonson,L,0,6
Nueces,355,0080,3550080,U.S. Rep 27,Simonson,L,0,13
Nueces,355,0081,3550081,U.S. Rep 27,Simonson,L,0,53
Nueces,355,0082,3550082,U.S. Rep 27,Simonson,L,0,1
Nueces,355,0083,3550083,U.S. Rep 27,Simonson,L,0,4
Nueces,355,0084,3550084,U.S. Rep 27,Simonson,L,0,8
Nueces,355,0085,3550085,U.S. Rep 27,Simonson,L,0,6
Nueces,355,0086,3550086,U.S. Rep 27,Simonson,L,0,6
Nueces,355,0087,3550087,U.S. Rep 27,Simonson,L,0,11
Nueces,355,0088,3550088,U.S. Rep 27,Simonson,L,0,17
Nueces,355,0089,3550089,U.S. Rep 27,Simonson,L,0,8
Nueces,355,0090,3550090,U.S. Rep 27,Simonson,L,0,10
Nueces,355,0091,3550091,U.S. Rep 27,Simonson,L,0,18
Nueces,355,0093,3550093,U.S. Rep 27,Simonson,L,0,11
Nueces,355,0094,3550094,U.S. Rep 27,Simonson,L,0,17
Nueces,355,0095,3550095,U.S. Rep 27,Simonson,L,0,7
Nueces,355,0096,3550096,U.S. Rep 27,Simonson,L,0,3
Nueces,355,0097,3550097,U.S. Rep 27,Simonson,L,0,4
Nueces,355,0098,3550098,U.S. Rep 27,Simonson,L,0,6
Nueces,355,0099,3550099,U.S. Rep 27,Simonson,L,0,0
Nueces,355,0100,3550100,U.S. Rep 27,Simonson,L,0,6
Nueces,355,0101,3550101,U.S. Rep 27,Simonson,L,0,30
Nueces,355,0102,3550102,U.S. Rep 27,Simonson,L,0,17
Nueces,355,0103,3550103,U.S. Rep 27,Simonson,L,0,17
Nueces,355,0104,3550104,U.S. Rep 27,Simonson,L,0,1
Nueces,355,0105,3550105,U.S. Rep 27,Simonson,L,0,5
Nueces,355,0106,3550106,U.S. Rep 27,Simonson,L,0,10
Nueces,355,0107,3550107,U.S. Rep 27,Simonson,L,0,28
Nueces,355,0108,3550108,U.S. Rep 27,Simonson,L,0,6
Nueces,355,0109,3550109,U.S. Rep 27,Simonson,L,0,9
Nueces,355,0110,3550110,U.S. Rep 27,Simonson,L,0,8
Nueces,355,0111,3550111,U.S. Rep 27,Simonson,L,0,4
Nueces,355,0112,3550112,U.S. Rep 27,Simonson,L,0,12
Nueces,355,0113,3550113,U.S. Rep 27,Simonson,L,0,0
Nueces,355,0114,3550114,U.S. Rep 27,Simonson,L,0,3
Nueces,355,0115,3550115,U.S. Rep 27,Simonson,L,0,27
Nueces,355,0116,3550116,U.S. Rep 27,Simonson,L,0,29
Nueces,355,0117,3550117,U.S. Rep 27,Simonson,L,0,43
Nueces,355,0118,3550118,U.S. Rep 27,Simonson,L,0,21
Nueces,355,0119,3550119,U.S. Rep 27,Simonson,L,0,24
Nueces,355,0120,3550120,U.S. Rep 27,Simonson,L,0,19
Nueces,355,0121,3550121,U.S. Rep 27,Simonson,L,0,15
Nueces,355,0122,3550122,U.S. Rep 27,Simonson,L,0,35
Nueces,355,0123,3550123,U.S. Rep 27,Simonson,L,0,13
Nueces,355,0124,3550124,U.S. Rep 27,Simonson,L,0,17
Nueces,355,0125,3550125,U.S. Rep 27,Simonson,L,0,20
Nueces,355,0126,3550126,U.S. Rep 27,Simonson,L,0,8
Nueces,355,0127,3550127,U.S. Rep 27,Simonson,L,0,13
Nueces,355,0092A,3550092A,U.S. Rep 27,Simonson,L,0,19
Nueces,355,0092B,3550092B,U.S. Rep 27,Simonson,L,0,0
Refugio,391,0001,3910001,U.S. Rep 27,Farenthold,R,1,80
Refugio,391,0002,3910002,U.S. Rep 27,Farenthold,R,1,310
Refugio,391,0003,3910003,U.S. Rep 27,Farenthold,R,1,191
Refugio,391,0004,3910004,U.S. Rep 27,Farenthold,R,1,33
Refugio,391,001A,391001A,U.S. Rep 27,Farenthold,R,1,90
Refugio,391,002A,391002A,U.S. Rep 27,Farenthold,R,1,74
Refugio,391,002B,391002B,U.S. Rep 27,Farenthold,R,1,100
Refugio,391,003A,391003A,U.S. Rep 27,Farenthold,R,1,222
Refugio,391,004A,391004A,U.S. Rep 27,Farenthold,R,1,75
Refugio,391,004B,391004B,U.S. Rep 27,Farenthold,R,1,50
Refugio,391,0001,3910001,U.S. Rep 27,Reed,D,0,92
Refugio,391,0002,3910002,U.S. Rep 27,Reed,D,0,98
Refugio,391,0003,3910003,U.S. Rep 27,Reed,D,0,107
Refugio,391,0004,3910004,U.S. Rep 27,Reed,D,0,113
Refugio,391,001A,391001A,U.S. Rep 27,Reed,D,0,98
Refugio,391,002A,391002A,U.S. Rep 27,Reed,D,0,17
Refugio,391,002B,391002B,U.S. Rep 27,Reed,D,0,64
Refugio,391,003A,391003A,U.S. Rep 27,Reed,D,0,72
Refugio,391,004A,391004A,U.S. Rep 27,Reed,D,0,58
Refugio,391,004B,391004B,U.S. Rep 27,Reed,D,0,26
Refugio,391,0001,3910001,U.S. Rep 27,Simonson,L,0,1
Refugio,391,0002,3910002,U.S. Rep 27,Simonson,L,0,7
Refugio,391,0003,3910003,U.S. Rep 27,Simonson,L,0,10
Refugio,391,0004,3910004,U.S. Rep 27,Simonson,L,0,1
Refugio,391,001A,391001A,U.S. Rep 27,Simonson,L,0,2
Refugio,391,002A,391002A,U.S. Rep 27,Simonson,L,0,5
Refugio,391,002B,391002B,U.S. Rep 27,Simonson,L,0,7
Refugio,391,003A,391003A,U.S. Rep 27,Simonson,L,0,6
Refugio,391,004A,391004A,U.S. Rep 27,Simonson,L,0,2
Refugio,391,004B,391004B,U.S. Rep 27,Simonson,L,0,1
San Patricio,409,0101,4090101,U.S. Rep 27,Farenthold,R,1,92
San Patricio,409,0103,4090103,U.S. Rep 27,Farenthold,R,1,135
San Patricio,409,0106,4090106,U.S. Rep 27,Farenthold,R,1,261
San Patricio,409,0107,4090107,U.S. Rep 27,Farenthold,R,1,59
San Patricio,409,0108,4090108,U.S. Rep 27,Farenthold,R,1,851
San Patricio,409,0109,4090109,U.S. Rep 27,Farenthold,R,1,515
San Patricio,409,0110,4090110,U.S. Rep 27,Farenthold,R,1,344
San Patricio,409,0111,4090111,U.S. Rep 27,Farenthold,R,1,18
San Patricio,409,0112,4090112,U.S. Rep 27,Farenthold,R,1,63
San Patricio,409,0113,4090113,U.S. Rep 27,Farenthold,R,1,62
San Patricio,409,0114,4090114,U.S. Rep 27,Farenthold,R,1,413
San Patricio,409,0115,4090115,U.S. Rep 27,Farenthold,R,1,872
San Patricio,409,0116,4090116,U.S. Rep 27,Farenthold,R,1,1096
San Patricio,409,0119,4090119,U.S. Rep 27,Farenthold,R,1,346
San Patricio,409,0120,4090120,U.S. Rep 27,Farenthold,R,1,192
San Patricio,409,0121,4090121,U.S. Rep 27,Farenthold,R,1,423
San Patricio,409,0123,4090123,U.S. Rep 27,Farenthold,R,1,19
San Patricio,409,0125,4090125,U.S. Rep 27,Farenthold,R,1,9
San Patricio,409,0101,4090101,U.S. Rep 27,Reed,D,0,51
San Patricio,409,0103,4090103,U.S. Rep 27,Reed,D,0,21
San Patricio,409,0106,4090106,U.S. Rep 27,Reed,D,0,161
San Patricio,409,0107,4090107,U.S. Rep 27,Reed,D,0,11
San Patricio,409,0108,4090108,U.S. Rep 27,Reed,D,0,294
San Patricio,409,0109,4090109,U.S. Rep 27,Reed,D,0,218
San Patricio,409,0110,4090110,U.S. Rep 27,Reed,D,0,237
San Patricio,409,0111,4090111,U.S. Rep 27,Reed,D,0,2
San Patricio,409,0112,4090112,U.S. Rep 27,Reed,D,0,266
San Patricio,409,0113,4090113,U.S. Rep 27,Reed,D,0,151
San Patricio,409,0114,4090114,U.S. Rep 27,Reed,D,0,141
San Patricio,409,0115,4090115,U.S. Rep 27,Reed,D,0,244
San Patricio,409,0116,4090116,U.S. Rep 27,Reed,D,0,295
San Patricio,409,0119,4090119,U.S. Rep 27,Reed,D,0,110
San Patricio,409,0120,4090120,U.S. Rep 27,Reed,D,0,59
San Patricio,409,0121,4090121,U.S. Rep 27,Reed,D,0,151
San Patricio,409,0123,4090123,U.S. Rep 27,Reed,D,0,9
San Patricio,409,0125,4090125,U.S. Rep 27,Reed,D,0,1
San Patricio,409,0101,4090101,U.S. Rep 27,Simonson,L,0,2
San Patricio,409,0103,4090103,U.S. Rep 27,Simonson,L,0,4
San Patricio,409,0106,4090106,U.S. Rep 27,Simonson,L,0,14
San Patricio,409,0107,4090107,U.S. Rep 27,Simonson,L,0,2
San Patricio,409,0108,4090108,U.S. Rep 27,Simonson,L,0,27
San Patricio,409,0109,4090109,U.S. Rep 27,Simonson,L,0,28
San Patricio,409,0110,4090110,U.S. Rep 27,Simonson,L,0,16
San Patricio,409,0111,4090111,U.S. Rep 27,Simonson,L,0,0
San Patricio,409,0112,4090112,U.S. Rep 27,Simonson,L,0,15
San Patricio,409,0113,4090113,U.S. Rep 27,Simonson,L,0,5
San Patricio,409,0114,4090114,U.S. Rep 27,Simonson,L,0,12
San Patricio,409,0115,4090115,U.S. Rep 27,Simonson,L,0,36
San Patricio,409,0116,4090116,U.S. Rep 27,Simonson,L,0,30
San Patricio,409,0119,4090119,U.S. Rep 27,Simonson,L,0,16
San Patricio,409,0120,4090120,U.S. Rep 27,Simonson,L,0,3
San Patricio,409,0121,4090121,U.S. Rep 27,Simonson,L,0,21
San Patricio,409,0123,4090123,U.S. Rep 27,Simonson,L,0,1
San Patricio,409,0125,4090125,U.S. Rep 27,Simonson,L,0,0
Victoria,469,0001,4690001,U.S. Rep 27,Farenthold,R,1,55
Victoria,469,0002,4690002,U.S. Rep 27,Farenthold,R,1,226
Victoria,469,0003,4690003,U.S. Rep 27,Farenthold,R,1,288
Victoria,469,0004,4690004,U.S. Rep 27,Farenthold,R,1,102
Victoria,469,0005,4690005,U.S. Rep 27,Farenthold,R,1,339
Victoria,469,0006,4690006,U.S. Rep 27,Farenthold,R,1,26
Victoria,469,0007,4690007,U.S. Rep 27,Farenthold,R,1,150
Victoria,469,0008,4690008,U.S. Rep 27,Farenthold,R,1,307
Victoria,469,0009,4690009,U.S. Rep 27,Farenthold,R,1,209
Victoria,469,0010,4690010,U.S. Rep 27,Farenthold,R,1,405
Victoria,469,0011,4690011,U.S. Rep 27,Farenthold,R,1,122
Victoria,469,0012,4690012,U.S. Rep 27,Farenthold,R,1,82
Victoria,469,0013,4690013,U.S. Rep 27,Farenthold,R,1,150
Victoria,469,0014,4690014,U.S. Rep 27,Farenthold,R,1,317
Victoria,469,0015,4690015,U.S. Rep 27,Farenthold,R,1,40
Victoria,469,0016,4690016,U.S. Rep 27,Farenthold,R,1,121
Victoria,469,0017,4690017,U.S. Rep 27,Farenthold,R,1,107
Victoria,469,0018,4690018,U.S. Rep 27,Farenthold,R,1,982
Victoria,469,0019,4690019,U.S. Rep 27,Farenthold,R,1,515
Victoria,469,0020,4690020,U.S. Rep 27,Farenthold,R,1,438
Victoria,469,0021,4690021,U.S. Rep 27,Farenthold,R,1,1153
Victoria,469,0022,4690022,U.S. Rep 27,Farenthold,R,1,625
Victoria,469,0023,4690023,U.S. Rep 27,Farenthold,R,1,469
Victoria,469,0024,4690024,U.S. Rep 27,Farenthold,R,1,503
Victoria,469,0025,4690025,U.S. Rep 27,Farenthold,R,1,863
Victoria,469,0026,4690026,U.S. Rep 27,Farenthold,R,1,282
Victoria,469,0027,4690027,U.S. Rep 27,Farenthold,R,1,480
Victoria,469,0028,4690028,U.S. Rep 27,Farenthold,R,1,145
Victoria,469,0029,4690029,U.S. Rep 27,Farenthold,R,1,906
Victoria,469,0030,4690030,U.S. Rep 27,Farenthold,R,1,125
Victoria,469,0031,4690031,U.S. Rep 27,Farenthold,R,1,127
Victoria,469,0032,4690032,U.S. Rep 27,Farenthold,R,1,125
Victoria,469,0033,4690033,U.S. Rep 27,Farenthold,R,1,1556
Victoria,469,0034,4690034,U.S. Rep 27,Farenthold,R,1,54
Victoria,469,0035,4690035,U.S. Rep 27,Farenthold,R,1,26
Victoria,469,0001,4690001,U.S. Rep 27,Reed,D,0,75
Victoria,469,0002,4690002,U.S. Rep 27,Reed,D,0,138
Victoria,469,0003,4690003,U.S. Rep 27,Reed,D,0,121
Victoria,469,0004,4690004,U.S. Rep 27,Reed,D,0,130
Victoria,469,0005,4690005,U.S. Rep 27,Reed,D,0,238
Victoria,469,0006,4690006,U.S. Rep 27,Reed,D,0,35
Victoria,469,0007,4690007,U.S. Rep 27,Reed,D,0,317
Victoria,469,0008,4690008,U.S. Rep 27,Reed,D,0,162
Victoria,469,0009,4690009,U.S. Rep 27,Reed,D,0,103
Victoria,469,0010,4690010,U.S. Rep 27,Reed,D,0,139
Victoria,469,0011,4690011,U.S. Rep 27,Reed,D,0,22
Victoria,469,0012,4690012,U.S. Rep 27,Reed,D,0,68
Victoria,469,0013,4690013,U.S. Rep 27,Reed,D,0,169
Victoria,469,0014,4690014,U.S. Rep 27,Reed,D,0,103
Victoria,469,0015,4690015,U.S. Rep 27,Reed,D,0,6
Victoria,469,0016,4690016,U.S. Rep 27,Reed,D,0,30
Victoria,469,0017,4690017,U.S. Rep 27,Reed,D,0,35
Victoria,469,0018,4690018,U.S. Rep 27,Reed,D,0,179
Victoria,469,0019,4690019,U.S. Rep 27,Reed,D,0,213
Victoria,469,0020,4690020,U.S. Rep 27,Reed,D,0,91
Victoria,469,0021,4690021,U.S. Rep 27,Reed,D,0,241
Victoria,469,0022,4690022,U.S. Rep 27,Reed,D,0,68
Victoria,469,0023,4690023,U.S. Rep 27,Reed,D,0,78
Victoria,469,0024,4690024,U.S. Rep 27,Reed,D,0,71
Victoria,469,0025,4690025,U.S. Rep 27,Reed,D,0,269
Victoria,469,0026,4690026,U.S. Rep 27,Reed,D,0,63
Victoria,469,0027,4690027,U.S. Rep 27,Reed,D,0,36
Victoria,469,0028,4690028,U.S. Rep 27,Reed,D,0,21
Victoria,469,0029,4690029,U.S. Rep 27,Reed,D,0,210
Victoria,469,0030,4690030,U.S. Rep 27,Reed,D,0,60
Victoria,469,0031,4690031,U.S. Rep 27,Reed,D,0,77
Victoria,469,0032,4690032,U.S. Rep 27,Reed,D,0,111
Victoria,469,0033,4690033,U.S. Rep 27,Reed,D,0,300
Victoria,469,0034,4690034,U.S. Rep 27,Reed,D,0,133
Victoria,469,0035,4690035,U.S. Rep 27,Reed,D,0,43
Victoria,469,0001,4690001,U.S. Rep 27,Simonson,L,0,2
Victoria,469,0002,4690002,U.S. Rep 27,Simonson,L,0,12
Victoria,469,0003,4690003,U.S. Rep 27,Simonson,L,0,18
Victoria,469,0004,4690004,U.S. Rep 27,Simonson,L,0,9
Victoria,469,0005,4690005,U.S. Rep 27,Simonson,L,0,25
Victoria,469,0006,4690006,U.S. Rep 27,Simonson,L,0,6
Victoria,469,0007,4690007,U.S. Rep 27,Simonson,L,0,7
Victoria,469,0008,4690008,U.S. Rep 27,Simonson,L,0,8
Victoria,469,0009,4690009,U.S. Rep 27,Simonson,L,0,10
Victoria,469,0010,4690010,U.S. Rep 27,Simonson,L,0,11
Victoria,469,0011,4690011,U.S. Rep 27,Simonson,L,0,1
Victoria,469,0012,4690012,U.S. Rep 27,Simonson,L,0,0
Victoria,469,0013,4690013,U.S. Rep 27,Simonson,L,0,5
Victoria,469,0014,4690014,U.S. Rep 27,Simonson,L,0,7
Victoria,469,0015,4690015,U.S. Rep 27,Simonson,L,0,0
Victoria,469,0016,4690016,U.S. Rep 27,Simonson,L,0,3
Victoria,469,0017,4690017,U.S. Rep 27,Simonson,L,0,4
Victoria,469,0018,4690018,U.S. Rep 27,Simonson,L,0,29
Victoria,469,0019,4690019,U.S. Rep 27,Simonson,L,0,23
Victoria,469,0020,4690020,U.S. Rep 27,Simonson,L,0,6
Victoria,469,0021,4690021,U.S. Rep 27,Simonson,L,0,28
Victoria,469,0022,4690022,U.S. Rep 27,Simonson,L,0,16
Victoria,469,0023,4690023,U.S. Rep 27,Simonson,L,0,18
Victoria,469,0024,4690024,U.S. Rep 27,Simonson,L,0,8
Victoria,469,0025,4690025,U.S. Rep 27,Simonson,L,0,23
Victoria,469,0026,4690026,U.S. Rep 27,Simonson,L,0,7
Victoria,469,0027,4690027,U.S. Rep 27,Simonson,L,0,10
Victoria,469,0028,4690028,U.S. Rep 27,Simonson,L,0,6
Victoria,469,0029,4690029,U.S. Rep 27,Simonson,L,0,37
Victoria,469,0030,4690030,U.S. Rep 27,Simonson,L,0,4
Victoria,469,0031,4690031,U.S. Rep 27,Simonson,L,0,5
Victoria,469,0032,4690032,U.S. Rep 27,Simonson,L,0,7
Victoria,469,0033,4690033,U.S. Rep 27,Simonson,L,0,48
Victoria,469,0034,4690034,U.S. Rep 27,Simonson,L,0,4
Victoria,469,0035,4690035,U.S. Rep 27,Simonson,L,0,2
Wharton,481,0102,4810102,U.S. Rep 27,Farenthold,R,1,792
Wharton,481,0103,4810103,U.S. Rep 27,Farenthold,R,1,492
Wharton,481,0201,4810201,U.S. Rep 27,Farenthold,R,1,996
Wharton,481,0202,4810202,U.S. Rep 27,Farenthold,R,1,84
Wharton,481,0203,4810203,U.S. Rep 27,Farenthold,R,1,347
Wharton,481,0301,4810301,U.S. Rep 27,Farenthold,R,1,847
Wharton,481,0302,4810302,U.S. Rep 27,Farenthold,R,1,664
Wharton,481,0303,4810303,U.S. Rep 27,Farenthold,R,1,678
Wharton,481,0401,4810401,U.S. Rep 27,Farenthold,R,1,372
Wharton,481,0402,4810402,U.S. Rep 27,Farenthold,R,1,295
Wharton,481,0403,4810403,U.S. Rep 27,Farenthold,R,1,142
Wharton,481,0101A,4810101A,U.S. Rep 27,Farenthold,R,1,233
Wharton,481,0101B,4810101B,U.S. Rep 27,Farenthold,R,1,300
Wharton,481,0102,4810102,U.S. Rep 27,Reed,D,0,145
Wharton,481,0103,4810103,U.S. Rep 27,Reed,D,0,124
Wharton,481,0201,4810201,U.S. Rep 27,Reed,D,0,144
Wharton,481,0202,4810202,U.S. Rep 27,Reed,D,0,160
Wharton,481,0203,4810203,U.S. Rep 27,Reed,D,0,427
Wharton,481,0301,4810301,U.S. Rep 27,Reed,D,0,83
Wharton,481,0302,4810302,U.S. Rep 27,Reed,D,0,95
Wharton,481,0303,4810303,U.S. Rep 27,Reed,D,0,59
Wharton,481,0401,4810401,U.S. Rep 27,Reed,D,0,234
Wharton,481,0402,4810402,U.S. Rep 27,Reed,D,0,73
Wharton,481,0403,4810403,U.S. Rep 27,Reed,D,0,61
Wharton,481,0101A,4810101A,U.S. Rep 27,Reed,D,0,100
Wharton,481,0101B,4810101B,U.S. Rep 27,Reed,D,0,132
Wharton,481,0102,4810102,U.S. Rep 27,Simonson,L,0,16
Wharton,481,0103,4810103,U.S. Rep 27,Simonson,L,0,21
Wharton,481,0201,4810201,U.S. Rep 27,Simonson,L,0,36
Wharton,481,0202,4810202,U.S. Rep 27,Simonson,L,0,4
Wharton,481,0203,4810203,U.S. Rep 27,Simonson,L,0,17
Wharton,481,0301,4810301,U.S. Rep 27,Simonson,L,0,5
Wharton,481,0302,4810302,U.S. Rep 27,Simonson,L,0,11
Wharton,481,0303,4810303,U.S. Rep 27,Simonson,L,0,15
Wharton,481,0401,4810401,U.S. Rep 27,Simonson,L,0,9
Wharton,481,0402,4810402,U.S. Rep 27,Simonson,L,0,8
Wharton,481,0403,4810403,U.S. Rep 27,Simonson,L,0,5
Wharton,481,0101A,4810101A,U.S. Rep 27,Simonson,L,0,3
Wharton,481,0101B,4810101B,U.S. Rep 27,Simonson,L,0,15
